RESERVOIR_ID;Initial_Volume m3
t6;2199.11485751285
t5;2208.93233455532
